Nr,TID,PID,x [pixel],y [pixel],t [sec],I [val],Len [pixel],D2S [pixel],D2R [pixel],D2P [pixel],v [pixel/sec],? [deg],?? [deg]
1,1,1,764,570.667,0,0.9,0,0,NA,NA,NA,NA,NA
2,1,2,812,532,0,0,61.637,61.637,NA,61.637,NA,-38.853,NA
3,1,3,840,501.333,0,1.2,103.163,102.874,NA,41.526,NA,-47.603,-8.749
4,1,4,866.667,453.333,0,3.1,158.073,155.909,NA,54.91,NA,-60.945,-13.343
5,1,5,881.333,409.333,0,2,204.453,199.488,NA,46.38,NA,-71.565,-10.62
6,1,6,881.333,356,0,0.9,257.787,244.64,NA,53.333,NA,-90,-18.435
7,1,7,881.333,312,0,21.1,301.787,284.034,NA,44,NA,-90,0
8,1,8,857.333,257.333,0,16.3,361.49,326.939,NA,59.703,NA,-113.703,-23.703
9,1,9,830.667,222.667,0,16.1,405.226,354.328,NA,43.737,NA,-127.569,-13.866
10,1,10,804,196,0,9.1,442.939,376.796,NA,37.712,NA,-135,-7.431
11,1,11,770.667,170.667,0,10.1,484.806,400.056,NA,41.868,NA,-142.765,-7.765
12,1,12,729.333,152,0,10.1,530.159,420.099,NA,45.353,NA,-155.695,-12.93
13,1,13,684,150.667,0,5.3,575.512,427.551,NA,45.353,NA,-178.315,-22.62
14,1,14,646.667,146.667,0,14.1,613.059,439.935,NA,37.547,NA,-173.884,4.431
15,1,15,606.667,153.333,0,8.7,653.611,446.005,NA,40.552,NA,170.538,-15.578
16,1,16,577.333,169.333,0,6,687.024,442.62,NA,33.413,NA,151.39,-19.148
17,1,17,544,188,0,7.7,725.228,441.4,NA,38.204,NA,150.751,-0.638
18,1,18,512,214.667,0,3.8,766.883,436.165,NA,41.655,NA,140.194,-10.557
19,1,19,492,252,0,6.7,809.236,418.966,NA,42.353,NA,118.179,-22.016
20,1,20,473.333,285.333,0,6.7,847.44,407.311,NA,38.204,NA,119.249,1.07
21,1,21,462.667,320,0,13.1,883.711,391.964,NA,36.271,NA,107.103,-12.146
22,1,22,462.667,358.667,0,10.1,922.377,368.437,NA,38.667,NA,90,-17.103
23,1,23,468,405.333,0,12,969.348,339.044,NA,46.97,NA,83.48,-6.52
24,1,24,478.667,448,0,6,1013.328,310.584,NA,43.98,NA,75.964,-7.516
25,1,25,497.333,485.333,0,9,1055.067,279.987,NA,41.74,NA,63.435,-12.529
26,1,26,529.333,518.667,0,7.7,1101.275,240.359,NA,46.207,NA,46.169,-17.266
27,1,27,566.667,548,0,9,1148.753,198.631,NA,47.479,NA,38.157,-8.012
28,1,28,613.333,565.333,0,7.8,1198.535,150.761,NA,49.782,NA,20.376,-17.781
29,1,29,658.667,565.333,0,185.1,1243.868,105.468,NA,45.333,NA,0,-20.376
30,1,30,694.667,566.667,0,10.7,1279.893,69.449,NA,36.025,NA,2.121,2.121
31,1,31,730.667,557.333,0,18.1,1317.083,35.901,NA,37.19,NA,-14.534,-16.656
32,1,32,777.333,534.667,0,2.7,1368.964,38.39,NA,51.88,NA,-25.907,-11.372
33,1,33,806.667,506.667,0,11.8,1409.515,76.918,NA,40.552,NA,-43.668,-17.761
34,1,34,833.333,476,0,14.1,1450.155,117.341,NA,40.639,NA,-48.991,-5.323
35,1,35,858.667,430.667,0,10.1,1502.086,169.002,NA,51.932,NA,-60.803,-11.812
36,1,36,868,388,0,13.1,1545.762,210.198,NA,43.676,NA,-77.661,-16.858
37,1,37,868,341.333,0,3.1,1592.428,251.813,NA,46.667,NA,-90,-12.339
38,1,38,860,300,0,22.7,1634.529,287.187,NA,42.1,NA,-100.954,-10.954
39,1,39,842.667,258.667,0,20.1,1679.349,321.765,NA,44.821,NA,-112.751,-11.797
40,1,40,817.333,218.667,0,9.1,1726.697,356.017,NA,47.347,NA,-122.347,-9.596
41,1,41,785.333,193.333,0,8.1,1767.511,377.936,NA,40.814,NA,-141.633,-19.285
42,1,42,749.333,166.667,0,14.1,1812.312,404.266,NA,44.801,NA,-143.471,-1.839
43,1,43,705.333,153.333,0,4.1,1858.287,421.437,NA,45.976,NA,-163.142,-19.67
44,1,44,652,153.333,0,17.1,1911.621,432.101,NA,53.333,NA,180,-16.858
45,1,45,581.333,176,0,4.7,1985.834,434.89,NA,74.213,NA,162.216,-17.784
46,1,46,548,189.333,0,6,2021.735,438.259,NA,35.901,NA,158.199,-4.018
47,1,47,518.667,218.667,0,6.7,2063.218,429.06,NA,41.484,NA,135,-23.199
48,1,48,494.667,250.667,0,11,2103.218,418.259,NA,40,NA,126.87,-8.13
49,1,49,473.333,301.333,0,9,2158.193,396.267,NA,54.975,NA,112.834,-14.036
50,1,50,469.333,386.667,0,10.7,2243.62,347.397,NA,85.427,NA,92.684,-20.15
51,1,51,484,440,0,5,2298.933,308.988,NA,55.313,NA,74.624,-18.06
52,1,52,501.333,480,0,9.2,2342.528,277.874,NA,43.594,NA,66.571,-8.052
53,1,53,532,512,0,8,2386.85,239.303,NA,44.322,NA,46.219,-20.352
54,1,54,561.333,534.667,0,10,2423.92,205.839,NA,37.071,NA,37.694,-8.525
55,1,55,597.333,552,0,7,2463.876,167.709,NA,39.956,NA,25.71,-11.984
56,1,56,654.667,556,0,90.2,2521.348,110.313,NA,57.473,NA,3.991,-21.719
57,1,57,708,553.333,0,10,2574.748,58.621,NA,53.4,NA,-2.862,-6.853
58,1,58,753.333,537.333,0,2,2622.822,34.998,NA,48.074,NA,-19.44,-16.578
59,1,59,785.333,513.333,0,12.1,2662.822,61.174,NA,40,NA,-36.87,-17.43
60,1,60,814.667,486.667,0,21.1,2702.465,98.097,NA,39.643,NA,-42.274,-5.404
61,1,61,836,453.333,0,7.8,2742.041,137.663,NA,39.576,NA,-57.381,-15.107
62,1,62,846.667,425.333,0,7.7,2772.004,167.199,NA,29.963,NA,-69.146,-11.765
63,1,63,854.667,386.667,0,26.1,2811.489,205.125,NA,39.486,NA,-78.311,-9.165
64,1,64,858.667,336,0,19.1,2862.313,253.042,NA,50.824,NA,-85.486,-7.175
65,1,65,840,296,0,16.8,2906.455,284.987,NA,44.141,NA,-115.017,-29.531
66,1,66,821.333,244,0,6.1,2961.704,331.66,NA,55.249,NA,-109.747,5.27
67,1,67,780,205.333,0,0,3018.304,365.684,NA,56.6,NA,-136.909,-27.162
68,1,68,737.333,178.667,0,0.9,3068.618,392.906,NA,50.315,NA,-147.995,-11.085
69,1,69,696,164,0,5.7,3112.476,412.313,NA,43.858,NA,-160.463,-12.469
70,1,70,652,161.333,0,11.9,3156.557,424.379,NA,44.081,NA,-176.532,-16.068
71,1,71,590.667,174.667,0,7.7,3219.323,432.274,NA,62.766,NA,167.735,-15.733
72,1,72,526.667,210.667,0,11.7,3292.753,431.193,NA,73.43,NA,150.642,-17.093
73,1,73,485.333,281.333,0,4,3374.62,401.707,NA,81.867,NA,120.324,-30.319
74,1,74,473.333,329.333,0,13.7,3424.098,377.795,NA,49.477,NA,104.036,-16.287
75,1,75,477.333,385.333,0,10,3480.24,341.359,NA,56.143,NA,85.914,-18.122
76,1,76,496,453.333,0,2,3550.756,292.56,NA,70.516,NA,74.65,-11.265
77,1,77,524,490.667,0,14.1,3597.423,252.982,NA,46.667,NA,53.13,-21.52
78,1,78,560,520,0,7.9,3643.86,210.198,NA,46.438,NA,39.174,-13.956
79,1,79,596,537.333,0,4,3683.816,171.275,NA,39.956,NA,25.71,-13.464
80,1,80,658.667,544,0,16.1,3746.836,108.656,NA,63.02,NA,6.072,-19.637
81,1,81,722.667,529.333,0,6.7,3812.495,58.454,NA,65.659,NA,-12.907,-18.98
82,1,82,756,501.333,0,6.7,3856.028,69.793,NA,43.533,NA,-40.03,-27.123
83,1,83,790.667,470.667,0,10.9,3902.312,103.494,NA,46.284,NA,-41.496,-1.466
84,1,84,813.333,429.333,0,5.9,3949.452,149.696,NA,47.14,NA,-61.26,-19.764
85,1,85,824,392,0,21.9,3988.28,188.472,NA,38.827,NA,-74.055,-12.794
86,1,86,828,354.667,0,23.1,4025.827,225.282,NA,37.547,NA,-83.884,-9.83
87,1,87,822.667,310.667,0,27.1,4070.149,266.537,NA,44.322,NA,-96.911,-13.027
88,1,88,790.667,250.667,0,19.1,4138.149,321.109,NA,68,NA,-118.072,-21.161
89,1,89,758.667,220,0,21.1,4182.471,350.707,NA,44.322,NA,-136.219,-18.146
90,1,90,721.333,194.667,0,3.1,4227.588,378.413,NA,45.117,NA,-145.84,-9.621
91,1,91,678.667,186.667,0,3.7,4270.998,393.367,NA,43.41,NA,-169.38,-23.54
92,1,92,636,186.667,0,5.7,4313.665,404.772,NA,42.667,NA,180,-10.62
93,1,93,597.333,192,0,2.3,4352.698,413.722,NA,39.033,NA,172.147,-7.853
94,1,94,566.667,208,0,6,4387.287,412.877,NA,34.59,NA,152.447,-19.699
95,1,95,541.333,229.333,0,12.1,4420.407,407.54,NA,33.119,NA,139.899,-12.548
96,1,96,518.667,258.667,0,7.7,4457.477,396.904,NA,37.071,NA,127.694,-12.205
97,1,97,498.667,293.333,0,7.2,4497.499,383.817,NA,40.022,NA,119.982,-7.713
98,1,98,492,326.667,0,9.7,4531.493,365.404,NA,33.993,NA,101.31,-18.672
99,1,99,494.667,362.667,0,11.1,4567.591,340.301,NA,36.099,NA,85.764,-15.546
100,1,100,500,408,0,11.8,4613.237,310.091,NA,45.646,NA,83.29,-2.473
101,1,101,509.333,448,0,7.8,4654.312,282.67,NA,41.074,NA,76.866,-6.424
102,1,102,546.667,488,0,14.1,4709.027,232.524,NA,54.715,NA,46.975,-29.891
103,1,103,592,517.333,0,3,4763.023,180.079,NA,53.996,NA,32.905,-14.07
104,1,104,662.667,525.333,0,4.7,4834.141,111.012,NA,71.118,NA,6.459,-26.446
105,1,105,721.333,512,0,0.3,4894.304,72.541,NA,60.163,NA,-12.804,-19.263
106,1,106,758.667,485.333,0,3.7,4940.183,85.5,NA,45.879,NA,-35.538,-22.733
107,1,107,786.667,452,0,7.1,4983.716,120.812,NA,43.533,NA,-49.97,-14.432
108,1,108,804,413.333,0,6.1,5026.09,162.338,NA,42.374,NA,-65.854,-15.885
109,1,109,809.333,374.667,0,22.8,5065.123,201.174,NA,39.033,NA,-82.147,-16.292
110,1,110,806.667,333.333,0,22.1,5106.542,241.138,NA,41.419,NA,-93.691,-11.545
111,1,111,784,288,0,0.3,5157.226,283.373,NA,50.684,NA,-116.565,-22.874
112,1,112,752,248,0,7.1,5208.451,322.89,NA,51.225,NA,-128.66,-12.095
113,1,113,708,221.333,0,2.1,5259.901,353.793,NA,51.45,NA,-148.782,-20.122
114,1,114,665.333,208,0,0.7,5304.603,375.849,NA,44.701,NA,-162.646,-13.864
115,1,115,626.667,213.333,0,5.1,5343.635,382.815,NA,39.033,NA,172.147,-25.207
116,1,116,596,226.667,0,7,5377.075,382.832,NA,33.44,NA,156.501,-15.645
117,1,117,568,248,0,6.8,5412.276,377.531,NA,35.201,NA,142.696,-13.805
118,1,118,538.667,277.333,0,7.1,5453.76,369.891,NA,41.484,NA,135,-7.696
119,1,119,521.333,306.667,0,9.1,5487.832,358.585,NA,34.072,NA,120.579,-14.421
120,1,120,513.333,341.333,0,11.1,5523.409,339.746,NA,35.578,NA,102.995,-17.585
121,1,121,513.333,373.333,0,11.1,5555.409,319.021,NA,32,NA,90,-12.995
122,1,122,526.667,410.667,0,14.7,5595.052,286.229,NA,39.643,NA,70.346,-19.654
123,1,123,534.667,445.333,0,12.2,5630.63,261.347,NA,35.578,NA,77.005,6.659
124,1,124,572,480,0,10.7,5681.577,212.331,NA,50.947,NA,42.879,-34.126
125,1,125,618.667,501.333,0,8,5732.888,161.024,NA,51.312,NA,24.567,-18.312
126,1,126,661.333,506.667,0,1,5775.887,120.981,NA,42.999,NA,7.125,-17.442
127,1,127,706.667,493.333,0,18,5823.14,96.268,NA,47.253,NA,-16.39,-23.515
128,1,128,742.667,474.667,0,18.1,5863.692,98.342,NA,40.552,NA,-27.408,-11.018
129,1,129,773.333,440,0,7.9,5909.976,131,NA,46.284,NA,-48.504,-21.096
130,1,130,792,392,0,0,5961.478,180.847,NA,51.502,NA,-68.749,-20.246
131,1,131,793.333,333.333,0,0.3,6020.16,239.139,NA,58.682,NA,-88.698,-19.949
132,1,132,774.667,278.667,0,4.1,6077.926,292.195,NA,57.766,NA,-108.853,-20.155
133,1,133,741.333,246.667,0,19.1,6124.133,324.792,NA,46.207,NA,-136.169,-27.316
134,1,134,700,224,0,6.9,6171.274,352.525,NA,47.14,NA,-151.26,-15.091
135,1,135,654.667,218.667,0,13.1,6216.92,368.589,NA,45.646,NA,-173.29,-22.03
136,1,136,592,234.667,0,5.7,6281.597,377.465,NA,64.677,NA,165.677,-21.033
137,1,137,548,285.333,0,12.8,6348.702,357.87,NA,67.105,NA,130.972,-34.706
138,1,138,526.667,325.333,0,18.1,6394.035,341.344,NA,45.333,NA,118.072,-12.899
139,1,139,524,366.667,0,14.1,6435.454,314.986,NA,41.419,NA,93.691,-24.381
140,1,140,542.667,409.333,0,14.1,6482.026,273.892,NA,46.571,NA,66.371,-27.321
141,1,141,564,437.333,0,8,6517.227,240.37,NA,35.201,NA,52.696,-13.675
142,1,142,600,462.667,0,9.3,6561.247,196.367,NA,44.02,NA,35.134,-17.562
143,1,143,673.333,469.333,0,1.7,6634.883,135.974,NA,73.636,NA,5.194,-29.94
144,1,144,709.333,456,0,2.7,6673.272,127.031,NA,38.39,NA,-20.323,-25.518
145,1,145,740,428,0,1,6714.799,144.671,NA,41.526,NA,-42.397,-22.074
146,1,146,764,392,0,25.7,6758.066,178.667,NA,43.267,NA,-56.31,-13.912
147,1,147,764,346.667,0,10.7,6803.399,224,NA,45.333,NA,-90,-33.69
148,1,148,748,301.333,0,15.1,6851.473,269.808,NA,48.074,NA,-109.44,-19.44
149,1,149,714.667,270.667,0,12.1,6896.767,304.029,NA,45.294,NA,-137.386,-27.946
150,1,150,677.333,253.333,0,2.1,6937.928,328.955,NA,41.161,NA,-155.095,-17.709
151,1,151,640,248,0,10.1,6975.64,345.673,NA,37.712,NA,-171.87,-16.775
152,1,152,594.667,269.333,0,9,7025.742,345.652,NA,50.102,NA,154.799,-33.331
153,1,153,558.667,320,0,19.1,7087.896,324.03,NA,62.154,NA,125.395,-29.404
154,1,154,557.333,360,0,10.1,7127.919,295.113,NA,40.022,NA,91.909,-33.486
155,1,155,566.667,401.333,0,13.8,7170.293,260.027,NA,42.374,NA,77.276,-14.634
156,1,156,601.333,428,0,6.8,7214.029,216.366,NA,43.737,NA,37.569,-39.707
157,1,157,664,448,0,7.7,7279.81,158.263,NA,65.781,NA,17.7,-19.868
158,1,158,702.667,437.333,0,0.3,7319.921,146.764,NA,40.111,NA,-15.422,-33.123
159,1,159,733.333,405.333,0,5.1,7364.243,168.153,NA,44.322,NA,-46.219,-30.797
160,1,160,748,360,0,14.1,7411.89,211.273,NA,47.647,NA,-72.072,-25.853
161,1,161,737.333,320,0,14.9,7453.288,252.081,NA,41.398,NA,-104.931,-32.859
162,1,162,708,282.667,0,13.1,7500.766,293.394,NA,47.479,NA,-128.157,-23.226
163,1,163,656,274.667,0,14.1,7553.378,315.087,NA,52.612,NA,-171.254,-43.097
164,1,164,617.333,285.333,0,12.1,7593.489,320.821,NA,40.111,NA,164.578,-24.168
165,1,165,588,320,0,15.1,7638.901,306.284,NA,45.412,NA,130.236,-34.341
166,1,166,576,354.667,0,8,7675.585,286.356,NA,36.685,NA,109.093,-21.143
167,1,167,596,400,0,12.7,7725.135,239.481,NA,49.549,NA,66.194,-42.899
168,1,168,646.667,422.667,0,17.1,7780.64,188.868,NA,55.506,NA,24.102,-42.092
169,1,169,686.667,408,0,8,7823.244,180.114,NA,42.604,NA,-20.136,-44.239
170,2,1,572,177.333,0,6,0,0,NA,NA,NA,NA,NA
171,2,2,532,197.333,0,16,44.721,44.721,NA,44.721,NA,153.435,NA
172,2,3,506.667,226.667,0,6.9,83.48,81.867,NA,38.759,NA,130.815,-22.62
173,2,4,489.333,248,0,6,110.967,108.755,NA,27.487,NA,129.094,-1.721
174,2,5,472,282.667,0,0.8,149.726,145.242,NA,38.759,NA,116.565,-12.529
175,2,6,458.667,321.333,0,9,190.627,183.25,NA,40.901,NA,109.026,-7.539
176,2,7,454.667,369.333,0,0,238.793,225.014,NA,48.166,NA,94.764,-14.262
177,2,8,469.333,412,0,7,283.91,256.142,NA,45.117,NA,71.03,-23.734
178,2,9,481.333,458.667,0,8,332.095,295.582,NA,48.185,NA,75.579,4.55
179,2,10,502.667,485.333,0,8.1,366.245,315.707,NA,34.15,NA,51.34,-24.239
180,2,11,521.333,524,0,7.2,409.182,350.35,NA,42.937,NA,64.231,12.89
181,2,12,556,541.333,0,8,447.94,364.351,NA,38.759,NA,26.565,-37.666
182,2,13,593.333,561.333,0,5,490.293,384.592,NA,42.353,NA,28.179,1.614
183,2,14,633.333,578.667,0,6,533.887,405.993,NA,43.594,NA,23.429,-4.75
184,2,15,680,577.333,0,0,580.573,414.324,NA,46.686,NA,-1.637,-25.065
185,2,16,721.333,565.333,0,8,623.613,415.746,NA,43.04,NA,-16.189,-14.553
186,2,17,760,554.667,0,9,663.724,421.574,NA,40.111,NA,-15.422,0.767
187,2,18,790.667,536,0,4.7,699.625,420.068,NA,35.901,NA,-31.329,-15.907
188,2,19,816,514.667,0,1.2,732.744,416.329,NA,33.119,NA,-40.101,-8.772
189,2,20,845.333,488,0,12.1,772.387,413.793,NA,39.643,NA,-42.274,-2.173
190,2,21,860,461.333,0,9.1,802.821,404.475,NA,30.434,NA,-61.189,-18.916
191,2,22,874.667,430.667,0,15.3,836.815,394.696,NA,33.993,NA,-64.44,-3.251
192,2,23,881.333,394.667,0,0.9,873.427,378.049,NA,36.612,NA,-79.509,-15.068
193,2,24,882.667,357.333,0,12.3,910.784,359.046,NA,37.357,NA,-87.955,-8.446
194,2,25,878.667,317.333,0,24.1,950.983,337.112,NA,40.2,NA,-95.711,-7.756
195,2,26,868,286.667,0,3,983.452,315.547,NA,32.469,NA,-109.179,-13.468
196,2,27,850.667,249.333,0,10.1,1024.613,287.818,NA,41.161,NA,-114.905,-5.726
197,2,28,828,218.667,0,3.7,1062.747,259.315,NA,38.134,NA,-126.469,-11.564
198,2,29,796,188,0,0.9,1107.069,224.254,NA,44.322,NA,-136.219,-9.75
199,2,30,762.667,166.667,0,2.1,1146.645,190.965,NA,39.576,NA,-147.381,-11.162
200,2,31,717.333,149.333,0,5.8,1195.179,148.006,NA,48.534,NA,-159.075,-11.695
201,2,32,678.667,150.667,0,10.7,1233.869,109.949,NA,38.69,NA,178.025,-22.899
202,2,33,636,150.667,0,19.1,1276.535,69.333,NA,42.667,NA,180,1.975
203,2,34,598.667,168,0,10.1,1317.696,28.253,NA,41.161,NA,155.095,-24.905
204,2,35,545.333,197.333,0,9.7,1378.564,33.333,NA,60.868,NA,151.189,-3.906
205,2,36,510.667,237.333,0,15.1,1431.496,85.801,NA,52.932,NA,130.914,-20.275
206,2,37,476,285.333,0,7,1490.705,144.499,NA,59.21,NA,125.838,-5.077
207,2,38,458.667,350.667,0,7.7,1558.299,207.096,NA,67.594,NA,104.859,-20.979
208,2,39,476,424,0,6,1633.653,264.689,NA,75.354,NA,76.701,-28.157
209,2,40,493.333,466.667,0,8,1679.706,299.837,NA,46.053,NA,67.891,-8.811
210,2,41,529.333,517.333,0,8,1741.86,342.667,NA,62.154,NA,54.605,-13.285
211,2,42,596,554.667,0,5,1818.268,378.096,NA,76.408,NA,29.249,-25.356
212,2,43,641.333,572,0,6,1866.802,400.71,NA,48.534,NA,20.925,-8.324
213,2,44,689.333,568,0,7.7,1914.969,407.906,NA,48.166,NA,-4.764,-25.688
214,2,45,724,557.333,0,6,1951.239,409.273,NA,36.271,NA,-17.103,-12.339
215,2,46,760,541.333,0,3.7,1990.635,409.683,NA,39.395,NA,-23.962,-6.86
216,2,47,793.333,525.333,0,11.7,2027.609,412.423,NA,36.974,NA,-25.641,-1.679
217,2,48,817.333,496,0,1.2,2065.51,402.165,NA,37.9,NA,-50.711,-25.07
218,2,49,846.667,461.333,0,24.1,2110.921,395.092,NA,45.412,NA,-49.764,0.947
219,2,50,860,428,0,12.9,2146.822,381.809,NA,35.901,NA,-68.199,-18.435
220,2,51,870.667,390.667,0,25.7,2185.65,367.033,NA,38.827,NA,-74.055,-5.856
221,2,52,865.333,360,0,1.7,2216.777,345.56,NA,31.127,NA,-99.866,-25.811
222,2,53,864,324,0,0.9,2252.801,326.765,NA,36.025,NA,-92.121,7.745
223,2,54,852,285.333,0,1.2,2293.287,300.107,NA,40.486,NA,-107.241,-15.12
224,2,55,833.333,250.667,0,0,2332.66,271.428,NA,39.373,NA,-118.301,-11.059
225,2,56,809.333,216,0,0.3,2374.824,240.463,NA,42.164,NA,-124.695,-6.394
226,2,57,788,194.667,0,0,2404.994,216.694,NA,30.17,NA,-135,-10.305
227,2,58,756,176,0,2.7,2442.04,184.005,NA,37.047,NA,-149.744,-14.744
228,2,59,724,154.667,0,5.1,2480.5,153.681,NA,38.459,NA,-146.31,3.434
229,2,60,686.667,152,0,4.1,2517.928,117.432,NA,37.428,NA,-175.914,-29.604
230,2,61,646.667,157.333,0,18.1,2558.282,77.299,NA,40.354,NA,172.405,-11.68
231,2,62,612,160,0,2.7,2593.051,43.594,NA,34.769,NA,175.601,3.196
232,2,63,561.333,189.333,0,7,2651.596,16.055,NA,58.545,NA,149.931,-25.67
233,2,64,521.333,228,0,12.8,2707.23,71.653,NA,55.634,NA,135.971,-13.96
234,2,65,494.667,270.667,0,9.1,2757.545,121.209,NA,50.315,NA,122.005,-13.966
235,2,66,468,336,0,6.8,2828.111,189.713,NA,70.566,NA,112.203,-9.802
236,2,67,472,388,0,12.9,2880.264,233.196,NA,52.154,NA,85.601,-26.602
237,2,68,485.333,448,0,6.8,2941.728,284.203,NA,61.464,NA,77.471,-8.13
238,2,69,524,498.667,0,11.7,3005.463,324.899,NA,63.736,NA,52.651,-24.821
239,2,70,564,530.667,0,6.9,3056.688,353.424,NA,51.225,NA,38.66,-13.991
240,2,71,612,550.667,0,3,3108.688,375.47,NA,52,NA,22.62,-16.04
241,2,72,670.667,557.333,0,5,3167.733,392.6,NA,59.044,NA,6.483,-16.137
242,2,73,724,544,0,1,3222.707,396.924,NA,54.975,NA,-14.036,-20.519
243,2,74,774.667,517.333,0,16.7,3279.963,395.82,NA,57.256,NA,-27.759,-13.722
244,2,75,798.667,490.667,0,22.1,3315.839,386.724,NA,35.876,NA,-48.013,-20.254
245,2,76,821.333,457.333,0,15.1,3356.149,374.923,NA,40.31,NA,-55.784,-7.772
246,2,77,833.333,429.333,0,1.8,3386.612,363.041,NA,30.463,NA,-66.801,-11.017
247,2,78,844,405.333,0,41.1,3412.876,354.92,NA,26.264,NA,-66.038,0.764
248,2,79,844,372,0,1,3446.209,334.483,NA,33.333,NA,-90,-23.962
249,2,80,844,338.667,0,18.1,3479.543,316.247,NA,33.333,NA,-90,0
250,2,81,841.333,305.333,0,4.1,3512.983,298.202,NA,33.44,NA,-94.574,-4.574
251,2,82,829.333,270.667,0,11.1,3549.667,273.736,NA,36.685,NA,-109.093,-14.52
252,2,83,809.333,246.667,0,8.1,3580.908,247.253,NA,31.241,NA,-129.806,-20.712
253,2,84,790.667,222.667,0,16,3611.313,223.316,NA,30.405,NA,-127.875,1.931
254,2,85,758.667,201.333,0,0,3649.772,188.203,NA,38.459,NA,-146.31,-18.435
255,2,86,732,186.667,0,3.7,3680.206,160.272,NA,30.434,NA,-151.189,-4.879
256,2,87,702.667,166.667,0,5.7,3715.709,131.101,NA,35.503,NA,-145.713,5.476
257,2,88,658.667,164,0,12.1,3759.79,87.686,NA,44.081,NA,-176.532,-30.819
258,2,89,606.667,176,0,5.8,3813.156,34.692,NA,53.367,NA,167.005,-16.463
259,2,90,558.667,204,0,7.8,3868.726,29.814,NA,55.57,NA,149.744,-17.262
260,2,91,508,256,0,10,3941.329,101.412,NA,72.602,NA,134.256,-15.488
261,2,92,482.667,309.333,0,7.7,4000.373,159.388,NA,59.044,NA,115.408,-18.848
262,2,93,478.667,365.333,0,10.1,4056.515,209.893,NA,56.143,NA,94.086,-21.322
263,2,94,492,429.333,0,6.7,4121.89,264.394,NA,65.374,NA,78.232,-15.854
264,2,95,521.333,482.667,0,11,4182.757,309.509,NA,60.868,NA,61.189,-17.043
265,2,96,560,513.333,0,5.8,4232.109,336.214,NA,49.351,NA,38.418,-22.771
266,2,97,601.333,530.667,0,3,4276.929,354.549,NA,44.821,NA,22.751,-15.667
267,2,98,644,533.333,0,37.1,4319.679,363.208,NA,42.75,NA,3.576,-19.175
268,2,99,681.333,532,0,12,4357.036,371.136,NA,37.357,NA,-2.045,-5.622
269,2,100,708,528,0,6.2,4384.001,376.116,NA,26.965,NA,-8.531,-6.485
270,2,101,750.667,504,0,10.8,4432.955,372.334,NA,48.953,NA,-29.358,-20.827
271,2,102,785.333,474.667,0,4.1,4478.367,365.948,NA,45.412,NA,-40.236,-10.879
272,2,103,809.333,437.333,0,16.1,4522.749,352.033,NA,44.382,NA,-57.265,-17.028
273,2,104,817.333,410.667,0,0,4550.59,338.575,NA,27.841,NA,-73.301,-16.036
274,2,105,825.333,366.667,0,28.1,4595.311,316.267,NA,44.721,NA,-79.695,-6.394
275,2,106,818.667,321.333,0,14.1,4641.132,285.623,NA,45.821,NA,-98.366,-18.671
276,2,107,808,288,0,20.1,4676.13,260.659,NA,34.998,NA,-107.745,-9.379
277,2,108,781.333,244,0,3.1,4727.58,219.693,NA,51.45,NA,-121.218,-13.474
278,2,109,745.333,221.333,0,8.1,4770.122,178.831,NA,42.541,NA,-147.804,-26.586
279,2,110,713.333,201.333,0,5.1,4807.858,143.357,NA,37.736,NA,-147.995,-0.19
280,2,111,681.333,193.333,0,3.1,4840.843,110.498,NA,32.985,NA,-165.964,-17.969
281,2,112,648,193.333,0,5.2,4874.176,77.666,NA,33.333,NA,180,-14.036
282,2,113,608,196,0,1.9,4914.265,40.552,NA,40.089,NA,176.186,-3.814
283,2,114,586.667,210.667,0,2,4940.153,36.417,NA,25.889,NA,145.491,-30.694
284,2,115,553.333,234.667,0,7.7,4981.228,60.296,NA,41.074,NA,144.246,-1.245
285,2,116,526.667,266.667,0,10.7,5022.883,100.178,NA,41.655,NA,129.806,-14.441
286,2,117,502.667,312,0,8,5074.177,151.467,NA,51.294,NA,117.897,-11.908
287,2,118,501.333,352,0,9.2,5114.199,188.42,NA,40.022,NA,91.909,-25.988
288,2,119,502.667,392,0,12.7,5154.221,225.586,NA,40.022,NA,88.091,-3.818
289,2,120,513.333,433.333,0,8.7,5196.909,262.636,NA,42.687,NA,75.53,-12.561
290,2,121,534.667,478.667,0,13.7,5247.011,303.637,NA,50.102,NA,64.799,-10.731
291,2,122,584,506.667,0,6,5303.736,329.552,NA,56.725,NA,29.578,-35.221
292,2,123,626.667,522.667,0,6.7,5349.304,349.633,NA,45.568,NA,20.556,-9.022
293,2,124,700,516,0,12.7,5422.94,362.048,NA,73.636,NA,-5.194,-25.75
294,2,125,742.667,500,0,6.7,5468.508,365.022,NA,45.568,NA,-20.556,-15.362
295,2,126,788,453.333,0,29.7,5533.569,350.474,NA,65.061,NA,-45.83,-25.274
296,2,127,806.667,404,0,22.9,5586.316,326.261,NA,52.747,NA,-69.274,-23.444
297,2,128,812,349.333,0,31.1,5641.242,295.269,NA,54.926,NA,-84.428,-15.153
298,2,129,801.333,309.333,0,3.1,5682.64,264.609,NA,41.398,NA,-104.931,-20.504
299,2,130,780,269.333,0,9.1,5727.973,227.438,NA,45.333,NA,-118.072,-13.141
300,2,131,745.333,240,0,6.1,5773.385,184.314,NA,45.412,NA,-139.764,-21.691
301,2,132,708,216,0,6.1,5817.767,141.39,NA,44.382,NA,-147.265,-7.501
302,2,133,662.667,212,0,2.7,5863.276,97.068,NA,45.509,NA,-174.958,-27.693
303,2,134,614.667,216,0,7.3,5911.443,57.581,NA,48.166,NA,175.236,-9.806
304,2,135,581.333,241.333,0,11.7,5953.31,64.677,NA,41.868,NA,142.765,-32.471
305,2,136,550.667,262.667,0,11,5990.667,87.96,NA,37.357,NA,145.176,2.41
306,2,137,525.333,302.667,0,9,6038.015,133.739,NA,47.347,NA,122.347,-22.828
307,2,138,513.333,361.333,0,13.7,6097.896,193.126,NA,59.881,NA,101.56,-20.787
308,2,139,526.667,416,0,12.7,6154.165,242.934,NA,56.269,NA,76.293,-25.267
309,2,140,558.667,457.333,0,8.7,6206.438,280.317,NA,52.273,NA,52.253,-24.04
310,2,141,614.667,489.333,0,14.8,6270.936,314.904,NA,64.498,NA,29.745,-22.508
311,2,142,662.667,496,0,1.7,6319.397,331.314,NA,48.461,NA,7.907,-21.838
312,2,143,702.667,485.333,0,1,6360.795,334.571,NA,41.398,NA,-14.931,-22.839
313,2,144,736,464,0,4.1,6400.37,330.263,NA,39.576,NA,-32.619,-17.688
314,2,145,762.667,433.333,0,32.1,6441.01,319.202,NA,40.639,NA,-48.991,-16.372
315,2,146,777.333,397.333,0,1.8,6479.883,300.935,NA,38.873,NA,-67.834,-18.843
316,2,147,788,338.667,0,5.9,6539.511,269.601,NA,59.628,NA,-79.695,-11.861
317,2,148,758.667,269.333,0,24.1,6614.794,208.107,NA,75.283,NA,-112.932,-33.237
318,2,149,722.667,240,0,21.1,6661.232,163.18,NA,46.438,NA,-140.826,-27.894
319,2,150,681.333,232,0,14.1,6703.332,122.238,NA,42.1,NA,-169.046,-28.22
320,2,151,628,238.667,0,16.1,6757.081,83.053,NA,53.748,NA,172.875,-18.079
321,2,152,586.667,265.333,0,6.8,6806.27,89.214,NA,49.189,NA,147.171,-25.704
322,2,153,557.333,300,0,15.1,6851.681,123.54,NA,45.412,NA,130.236,-16.935
323,2,154,545.333,346.667,0,12.1,6899.866,171.42,NA,48.185,NA,104.421,-25.816
324,2,155,549.333,405.333,0,12.7,6958.669,229.124,NA,58.803,NA,86.1,-18.321
325,2,156,585.333,449.333,0,5,7015.52,272.327,NA,56.851,NA,50.711,-35.389
326,2,157,642.667,468,0,88.2,7075.815,299.134,NA,60.296,NA,18.034,-32.676
327,2,158,712,453.333,0,18.8,7146.683,309.477,NA,70.868,NA,-11.944,-29.978
328,2,159,748,417.333,0,33.1,7197.595,297.617,NA,50.912,NA,-45,-33.056
329,2,160,761.333,376,0,23.9,7241.025,274.437,NA,43.431,NA,-72.121,-27.121
330,2,161,756,336,0,25.9,7281.379,242.963,NA,40.354,NA,-97.595,-25.473
331,2,162,745.333,296,0,19.9,7322.777,210.062,NA,41.398,NA,-104.931,-7.337
332,2,163,718.667,268,0,14.8,7361.444,172.428,NA,38.667,NA,-133.603,-28.671
333,2,164,676,253.333,0,4.1,7406.561,128.81,NA,45.117,NA,-161.03,-27.427
334,2,165,625.333,258.667,0,6.8,7457.507,97.26,NA,50.947,NA,173.991,-24.979
335,2,166,586.667,285.333,0,11,7504.478,108.991,NA,46.97,NA,145.408,-28.583
336,2,167,566.667,310.667,0,6.2,7536.754,133.44,NA,32.277,NA,128.29,-17.118
337,2,168,561.333,352,0,3,7578.43,174.992,NA,41.676,NA,97.352,-30.938
338,2,169,572,402.667,0,19.7,7630.208,225.333,NA,51.777,NA,78.111,-19.241
339,2,170,614.667,434.667,0,7.8,7683.541,260.846,NA,53.333,NA,36.87,-41.241
340,2,171,668,445.333,0,0.9,7737.931,284.675,NA,54.39,NA,11.31,-25.56
341,2,172,720,405.333,0,1.2,7803.535,271.823,NA,65.605,NA,-37.569,-48.879
342,2,173,729.333,353.333,0,34.9,7856.366,236.072,NA,52.831,NA,-79.824,-42.256
343,2,174,710.667,309.333,0,34.9,7904.162,191.448,NA,47.796,NA,-112.989,-33.164
344,2,175,673.333,289.333,0,16.1,7946.515,151.038,NA,42.353,NA,-151.821,-38.833
345,2,176,620,300,0,0.9,8000.905,131.724,NA,54.39,NA,168.69,-39.489
